{
  "Ansi 7 Color (Light)" : {
    "Red Component" : 0.7810397744178772,
    "Color Space" : "sRGB",
    "Blue Component" : 0.78104829788208008,
    "Alpha Component" : 1,
    "Green Component" : 0.78105825185775757
  },
  "Ansi 15 Color (Light)" : {
    "Red Component" : 0.99999600648880005,
    "Color Space" : "sRGB",
    "Blue Component" : 1,
    "Alpha Component" : 1,
    "Green Component" : 1
  },
  "Ansi 2 Color (Light)" : {
    "Red Component" : 0,
    "Color Space" : "sRGB",
    "Blue Component" : 0,
    "Alpha Component" : 1,
    "Green Component" : 0.7607843279838562
  },
  "Bold Color" : {
    "Red Component" : 0.062745101749897003,
    "Color Space" : "sRGB",
    "Blue Component" : 0.062745101749897003,
    "Alpha Component" : 1,
    "Green Component" : 0.062745101749897003
  },
  "Ansi 1 Color (Dark)" : {
    "Red Component" : 0.86366063356399536,
    "Color Space" : "P3",
    "Blue Component" : 0.36175721883773804,
    "Alpha Component" : 1,
    "Green Component" : 0.38086467981338501
  },
  "Use Bright Bold" : true,
  "Ansi 9 Color (Light)" : {
    "Red Component" : 0.8659515380859375,
    "Color Space" : "sRGB",
    "Blue Component" : 0.45833224058151245,
    "Alpha Component" : 1,
    "Green Component" : 0.47524076700210571
  },
  "Ansi 8 Color (Dark)" : {
    "Red Component" : 0.26918849349021912,
    "Color Space" : "P3",
    "Blue Component" : 0.26927825808525085,
    "Alpha Component" : 1,
    "Green Component" : 0.26918849349021912
  },
  "Background Color" : {
    "Red Component" : 0.97999999999999998,
    "Color Space" : "sRGB",
    "Blue Component" : 0.97999999999999998,
    "Alpha Component" : 1,
    "Green Component" : 0.97999999999999998
  },
  "Columns" : 100,
  "Ansi 8 Color" : {
    "Red Component" : 0.40781760215759277,
    "Color Space" : "sRGB",
    "Blue Component" : 0.4078223705291748,
    "Alpha Component" : 1,
    "Green Component" : 0.40782788395881653
  },
  "Right Option Key Sends" : 0,
  "Ansi 4 Color (Light)" : {
    "Red Component" : 0.15404300391674042,
    "Color Space" : "sRGB",
    "Blue Component" : 0.78216177225112915,
    "Alpha Component" : 1,
    "Green Component" : 0.26474356651306152
  },
  "Blinking Cursor" : false,
  "Selected Text Color (Light)" : {
    "Red Component" : 0,
    "Color Space" : "sRGB",
    "Blue Component" : 0,
    "Alpha Component" : 1,
    "Green Component" : 0
  },
  "Selected Text Color (Dark)" : {
    "Red Component" : 0.86666667461395264,
    "Color Space" : "P3",
    "Blue Component" : 0.86666667461395264,
    "Alpha Component" : 1,
    "Green Component" : 0.86666667461395264
  },
  "Ansi 3 Color (Dark)" : {
    "Red Component" : 0.91224497556686401,
    "Color Space" : "P3",
    "Blue Component" : 0.35024517774581909,
    "Alpha Component" : 1,
    "Green Component" : 0.78924685716629028
  },
  "Keyboard Map" : {

  },
  "Visual Bell" : true,
  "Cursor Text Color" : {
    "Red Component" : 1,
    "Color Space" : "sRGB",
    "Blue Component" : 1,
    "Alpha Component" : 1,
    "Green Component" : 1
  },
  "Scrollback Lines" : 1000,
  "Selection Color (Light)" : {
    "Red Component" : 0.70196080207824707,
    "Color Space" : "sRGB",
    "Blue Component" : 1,
    "Alpha Component" : 1,
    "Green Component" : 0.84313726425170898
  },
  "Ansi 0 Color" : {
    "Red Component" : 0.078431375324726105,
    "Color Space" : "sRGB",
    "Blue Component" : 0.11764705926179886,
    "Alpha Component" : 1,
    "Green Component" : 0.098039217293262482
  },
  "Match Background Color (Dark)" : {
    "Red Component" : 1,
    "Color Space" : "P3",
    "Blue Component" : 0,
    "Alpha Component" : 1,
    "Green Component" : 1
  },
  "Ansi 11 Color (Light)" : {
    "Red Component" : 0.9259033203125,
    "Color Space" : "sRGB",
    "Blue Component" : 0,
    "Alpha Component" : 1,
    "Green Component" : 0.8833775520324707
  },
  "Ansi 5 Color (Dark)" : {
    "Red Component" : 0.85995703935623169,
    "Color Space" : "P3",
    "Blue Component" : 0.71351069211959839,
    "Alpha Component" : 1,
    "Green Component" : 0.44645768404006958
  },
  "Cursor Text Color (Light)" : {
    "Red Component" : 1,
    "Color Space" : "sRGB",
    "Blue Component" : 1,
    "Alpha Component" : 1,
    "Green Component" : 1
  },
  "Silence Bell" : false,
  "Rows" : 15,
  "Guid" : "7ABD4BCE-6F7A-4836-AC38-08871FB5C6D5",
  "Ansi 14 Color (Dark)" : {
    "Red Component" : 0.68332558870315552,
    "Color Space" : "P3",
    "Blue Component" : 0.91754978895187378,
    "Alpha Component" : 1,
    "Green Component" : 0.98971492052078247
  },
  "Ansi 15 Color (Dark)" : {
    "Red Component" : 0.95703119039535522,
    "Color Space" : "P3",
    "Blue Component" : 0.95703130960464478,
    "Alpha Component" : 1,
    "Green Component" : 0.95703130960464478
  },
  "Ansi 0 Color (Dark)" : {
    "Red Component" : 0.13333332538604736,
    "Color Space" : "P3",
    "Blue Component" : 0.13333332538604736,
    "Alpha Component" : 1,
    "Green Component" : 0.13333332538604736
  },
  "Ambiguous Double Width" : false,
  "Option Key Sends" : 0,
  "Ansi 3 Color" : {
    "Red Component" : 0.78058648109436035,
    "Color Space" : "sRGB",
    "Blue Component" : 0,
    "Alpha Component" : 1,
    "Green Component" : 0.76959484815597534
  },
  "Window Type" : 0,
  "BM Growl" : true,
  "Prompt Before Closing 2" : 2,
  "Command" : "",
  "Selected Text Color" : {
    "Red Component" : 0,
    "Color Space" : "sRGB",
    "Blue Component" : 0,
    "Alpha Component" : 1,
    "Green Component" : 0
  },
  "Ansi 14 Color (Light)" : {
    "Red Component" : 0.37597531080245972,
    "Color Space" : "sRGB",
    "Blue Component" : 1,
    "Alpha Component" : 1,
    "Green Component" : 0.99263292551040649
  },
  "Cursor Guide Color (Dark)" : {
    "Red Component" : 0.753021240234375,
    "Color Space" : "P3",
    "Blue Component" : 0.75302129983901978,
    "Alpha Component" : 0.1447906494140625,
    "Green Component" : 0.75302129983901978
  },
  "ASCII Ligatures" : true,
  "Send Code When Idle" : false,
  "Ansi 6 Color" : {
    "Red Component" : 0,
    "Color Space" : "sRGB",
    "Blue Component" : 0.78166204690933228,
    "Alpha Component" : 1,
    "Green Component" : 0.77425903081893921
  },
  "Jobs to Ignore" : [
    "rlogin",
    "ssh",
    "slogin",
    "telnet"
  ],
  "Badge Color (Dark)" : {
    "Red Component" : 0.91916567087173462,
    "Color Space" : "P3",
    "Blue Component" : 0.14500156044960022,
    "Alpha Component" : 0.5,
    "Green Component" : 0.25274839997291565
  },
  "Cursor Color" : {
    "Red Component" : 0,
    "Color Space" : "sRGB",
    "Blue Component" : 0,
    "Alpha Component" : 1,
    "Green Component" : 0
  },
  "Vertical Spacing" : 1,
  "Disable Window Resizing" : true,
  "Close Sessions On End" : true,
  "Selection Color (Dark)" : {
    "Red Component" : 0.19999998807907104,
    "Color Space" : "P3",
    "Blue Component" : 0.19999998807907104,
    "Alpha Component" : 1,
    "Green Component" : 0.19999998807907104
  },
  "Default Bookmark" : "No",
  "Foreground Color (Light)" : {
    "Red Component" : 0.062745098039215685,
    "Color Space" : "sRGB",
    "Blue Component" : 0.062745098039215685,
    "Alpha Component" : 1,
    "Green Component" : 0.062745098039215685
  },
  "Custom Command" : "No",
  "Background Color (Dark)" : {
    "Red Component" : 0.066666655242443085,
    "Color Space" : "P3",
    "Blue Component" : 0.066666655242443085,
    "Alpha Component" : 1,
    "Green Component" : 0.066666655242443085
  },
  "Ansi 9 Color" : {
    "Red Component" : 0.8659515380859375,
    "Color Space" : "sRGB",
    "Blue Component" : 0.45833224058151245,
    "Alpha Component" : 1,
    "Green Component" : 0.47524076700210571
  },
  "Ansi 14 Color" : {
    "Red Component" : 0.37597531080245972,
    "Color Space" : "sRGB",
    "Blue Component" : 1,
    "Alpha Component" : 1,
    "Green Component" : 0.99263292551040649
  },
  "Flashing Bell" : false,
  "Use Italic Font" : true,